dblp_coauthor,DensePull-SparsePush,serial,bitvector,false,10,3.832061767578125,0.075992
dblp_coauthor,SparsePush-DensePull,edge-aware-dynamic-vertex-parallel,boolean-array,false,15,3.8847968578338623,0.078286
youtube-u-growth,DensePull-SparsePush,serial,bitvector,false,0,1.1337110996246338,0.050805
dblp_coauthor,DensePull,serial,boolean-array,false,15,4.080340147018433,0.288979
youtube-u-growth,SparsePush-DensePull,static-vertex-parallel,boolean-array,false,10,1.1715469360351562,0.011456
orkut-links,DensePull,dynamic-vertex-parallel,boolean-array,false,10,14.31232476234436,0.092972
soc-LiveJournal1,SparsePush-DensePull,serial,bitvector,false,20,9.181572437286377,0.244087
youtube-u-growth,DensePull,edge-aware-dynamic-vertex-parallel,boolean-array,false,0,1.2592699527740479,0.166764
dblp_coauthor,SparsePush-DensePull,static-vertex-parallel,boolean-array,false,10,3.780207395553589,0.011164
roadNet-CA,DensePull-SparsePush,dynamic-vertex-parallel,bitvector,false,10,0.33967089653015137,0.000331
dblp_coauthor,DensePull,static-vertex-parallel,boolean-array,false,10,3.8087472915649414,0.029209
dblp_coauthor,SparsePush-DensePull,edge-aware-dynamic-vertex-parallel,bitvector,false,10,3.8398656845092773,0.072818
orkut-links,DensePull,static-vertex-parallel,bitvector,false,5,14.147976398468018,0.082897
youtube-u-growth,DensePull,dynamic-vertex-parallel,boolean-array,false,0,1.0779309272766113,0.014803
roadNet-CA,SparsePush-DensePull,static-vertex-parallel,bitvector,false,15,0.3363931179046631,0.000257
soc-LiveJournal1,DensePull,dynamic-vertex-parallel,bitvector,false,0,8.422008752822876,0.087289
dblp_coauthor,DensePull,serial,bitvector,false,20,4.080950975418091,0.31195
dblp_coauthor,DensePull,serial,bitvector,false,5,3.9932849407196045,0.226843
orkut-links,SparsePush-DensePull,serial,boolean-array,false,0,13.937777042388916,0.051106
dblp_coauthor,DensePush-SparsePush,dynamic-vertex-parallel,boolean-array,false,0,3.681746482849121,0.055617
orkut-links,DensePull-SparsePush,serial,bitvector,false,5,14.19304895401001,0.048783
roadNet-CA,DensePull-SparsePush,edge-aware-dynamic-vertex-parallel,bitvector,false,10,0.33799052238464355,0.000273
roadNet-CA,DensePull,serial,boolean-array,false,5,0.6087653636932373,0.270845
soc-LiveJournal1,DensePull-SparsePush,edge-aware-dynamic-vertex-parallel,bitvector,false,0,8.492119789123535,0.160843
dblp_coauthor,SparsePush-DensePull,serial,boolean-array,false,20,3.8445868492126465,0.083663
orkut-links,DensePull-SparsePush,edge-aware-dynamic-vertex-parallel,boolean-array,false,0,13.58635139465332,0.051529
orkut-links,DensePull,static-vertex-parallel,bitvector,false,20,14.337461948394775,0.099882
soc-LiveJournal1,SparsePush-DensePull,serial,bitvector,false,0,8.498423337936401,0.144535
dblp_coauthor,SparsePush-DensePull,serial,bitvector,false,15,3.8707258701324463,0.079782
soc-LiveJournal1,SparsePush,dynamic-vertex-parallel,boolean-array,false,0,8.494092464447021,0.143905
roadNet-CA,SparsePush-DensePull,static-vertex-parallel,boolean-array,false,5,0.3364863395690918,0.000331
dblp_coauthor,SparsePush-DensePull,serial,boolean-array,false,10,3.8354713916778564,0.075891
dblp_coauthor,SparsePush-DensePull,serial,boolean-array,false,0,3.694739580154419,0.056031
soc-LiveJournal1,DensePull-SparsePush,edge-aware-dynamic-vertex-parallel,boolean-array,false,10,9.09924054145813,0.231624
orkut-links,SparsePush-DensePull,edge-aware-dynamic-vertex-parallel,boolean-array,false,5,14.162165641784668,0.042807
roadNet-CA,DensePull,dynamic-vertex-parallel,bitvector,false,20,0.36713194847106934,0.030093
roadNet-CA,DensePull,static-vertex-parallel,boolean-array,false,10,0.3663780689239502,0.025077
youtube-u-growth,DensePull,serial,boolean-array,false,0,1.198885202407837,0.127945
roadNet-CA,DensePull,dynamic-vertex-parallel,boolean-array,false,20,0.3652822971343994,0.02604
orkut-links,SparsePush,static-vertex-parallel,boolean-array,false,0,13.783233165740967,0.278554
soc-LiveJournal1,DensePull,dynamic-vertex-parallel,bitvector,false,15,9.027692794799805,0.110065
soc-LiveJournal1,DensePull,static-vertex-parallel,boolean-array,false,15,9.055097341537476,0.098573
dblp_coauthor,DensePull-SparsePush,serial,bitvector,false,0,3.690154790878296,0.051564
roadNet-CA,SparsePush-DensePull,edge-aware-dynamic-vertex-parallel,bitvector,false,20,0.338886022567749,0.000286
dblp_coauthor,DensePull,serial,bitvector,false,0,3.7817156314849854,0.154661
orkut-links,SparsePush-DensePull,edge-aware-dynamic-vertex-parallel,bitvector,false,0,13.530694961547852,0.052922
roadNet-CA,DensePull,edge-aware-dynamic-vertex-parallel,boolean-array,false,10,0.6395835876464844,0.297902
soc-LiveJournal1,DensePull,static-vertex-parallel,bitvector,false,20,9.053314685821533,0.112491
youtube-u-growth,DensePull,static-vertex-parallel,boolean-array,false,0,1.0992796421051025,0.015746
youtube-u-growth,DensePull,serial,boolean-array,false,20,1.3606832027435303,0.20047
orkut-links,DensePull,serial,bitvector,false,15,15.210135459899902,0.865904
soc-LiveJournal1,SparsePush-DensePull,edge-aware-dynamic-vertex-parallel,bitvector,false,10,9.083279848098755,0.223496
orkut-links,DensePull,dynamic-vertex-parallel,boolean-array,false,20,14.435342073440552,0.098593
soc-LiveJournal1,DensePull,serial,boolean-array,false,5,9.529705047607422,0.733283
soc-LiveJournal1,SparsePush-DensePull,static-vertex-parallel,bitvector,false,15,8.956487655639648,0.038554
roadNet-CA,SparsePush-DensePull,dynamic-vertex-parallel,boolean-array,false,0,0.31377124786376953,0.000252
orkut-links,DensePull,dynamic-vertex-parallel,bitvector,false,20,14.365950584411621,0.099883
roadNet-CA,DensePull,serial,bitvector,false,0,0.5402698516845703,0.228602
roadNet-CA,DensePull-SparsePush,edge-aware-dynamic-vertex-parallel,bitvector,false,15,0.33899450302124023,0.000286
soc-LiveJournal1,SparsePush-DensePull,dynamic-vertex-parallel,bitvector,false,5,8.818784236907959,0.031071
roadNet-CA,DensePull-SparsePush,dynamic-vertex-parallel,boolean-array,false,10,0.3396923542022705,0.000334
orkut-links,DensePull,edge-aware-dynamic-vertex-parallel,bitvector,false,15,15.104592084884644,0.901571
dblp_coauthor,SparsePush-DensePull,dynamic-vertex-parallel,boolean-array,false,0,3.640784502029419,0.008904
roadNet-CA,SparsePush,serial,boolean-array,false,0,0.31136608123779297,0.000192
orkut-links,DensePull,static-vertex-parallel,bitvector,false,10,14.345142126083374,0.090554
dblp_coauthor,SparsePush-DensePull,static-vertex-parallel,bitvector,false,5,3.7614572048187256,0.011071
orkut-links,SparsePush-DensePull,static-vertex-parallel,boolean-array,false,0,13.52966856956482,0.012663
orkut-links,DensePull,edge-aware-dynamic-vertex-parallel,boolean-array,false,0,14.59513545036316,1.04281
dblp_coauthor,DensePull,dynamic-vertex-parallel,bitvector,false,15,3.8200483322143555,0.033261
roadNet-CA,DensePull-SparsePush,edge-aware-dynamic-vertex-parallel,bitvector,false,5,0.3381314277648926,0.000303
orkut-links,SparsePush-DensePull,static-vertex-parallel,boolean-array,false,20,14.35900616645813,0.013268
youtube-u-growth,DensePull,static-vertex-parallel,boolean-array,false,10,1.1844375133514404,0.021799
youtube-u-growth,DensePull,serial,bitvector,false,0,1.1877906322479248,0.114081
dblp_coauthor,DensePull,edge-aware-dynamic-vertex-parallel,boolean-array,false,5,3.9851198196411133,0.257232
youtube-u-growth,SparsePush-DensePull,serial,boolean-array,false,10,1.2250025272369385,0.066845
roadNet-CA,DensePull-SparsePush,serial,bitvector,false,0,0.31536078453063965,0.000177
soc-LiveJournal1,SparsePush-DensePull,edge-aware-dynamic-vertex-parallel,boolean-array,false,10,9.06052017211914,0.229517
youtube-u-growth,SparsePush-DensePull,dynamic-vertex-parallel,boolean-array,false,0,1.0910465717315674,0.01018
youtube-u-growth,DensePull,static-vertex-parallel,boolean-array,false,15,1.1956872940063477,0.025403
roadNet-CA,DensePull,dynamic-vertex-parallel,boolean-array,false,0,0.33848094940185547,0.025846
soc-LiveJournal1,DensePull,edge-aware-dynamic-vertex-parallel,bitvector,false,5,9.418640375137329,0.651778
youtube-u-growth,DensePull-SparsePush,edge-aware-dynamic-vertex-parallel,boolean-array,false,10,1.239823579788208,0.077725
orkut-links,SparsePush-DensePull,static-vertex-parallel,boolean-array,false,5,14.094404697418213,0.012215
youtube-u-growth,DensePull-SparsePush,edge-aware-dynamic-vertex-parallel,bitvector,false,15,1.241541862487793,0.07897
orkut-links,SparsePush-DensePull,static-vertex-parallel,bitvector,false,0,13.466304063796997,0.012101
youtube-u-growth,DensePull-SparsePush,dynamic-vertex-parallel,boolean-array,false,10,1.1665339469909668,0.011172
roadNet-CA,DensePush-SparsePush,static-vertex-parallel,boolean-array,false,0,0.31465744972229004,0.00022
roadNet-CA,DensePull,static-vertex-parallel,boolean-array,false,0,0.34105372428894043,0.024454
soc-LiveJournal1,DensePull,edge-aware-dynamic-vertex-parallel,bitvector,false,0,8.909000158309937,0.565023
dblp_coauthor,DensePull,static-vertex-parallel,bitvector,false,0,3.664738655090332,0.021916
soc-LiveJournal1,SparsePush-DensePull,edge-aware-dynamic-vertex-parallel,bitvector,false,15,9.143906831741333,0.237364
soc-LiveJournal1,SparsePush-DensePull,dynamic-vertex-parallel,bitvector,false,0,8.382237195968628,0.026072
youtube-u-growth,DensePull,edge-aware-dynamic-vertex-parallel,bitvector,false,5,1.3385164737701416,0.179516
orkut-links,DensePull-SparsePush,dynamic-vertex-parallel,bitvector,false,0,13.5911705493927,0.011898
orkut-links,SparsePush-DensePull,edge-aware-dynamic-vertex-parallel,bitvector,false,5,14.129122495651245,0.042735
roadNet-CA,SparsePush-DensePull,edge-aware-dynamic-vertex-parallel,boolean-array,false,15,0.3387131690979004,0.000257
soc-LiveJournal1,DensePull-SparsePush,dynamic-vertex-parallel,bitvector,false,10,8.8962984085083,0.035028
soc-LiveJournal1,DensePull-SparsePush,dynamic-vertex-parallel,boolean-array,false,10,8.892982482910156,0.034638
dblp_coauthor,DensePull,static-vertex-parallel,bitvector,false,5,3.7660892009735107,0.030043
soc-LiveJournal1,DensePush-SparsePush,serial,boolean-array,false,0,8.73298954963684,0.344649
roadNet-CA,DensePull-SparsePush,dynamic-vertex-parallel,bitvector,false,5,0.3376431465148926,0.000245
orkut-links,DensePull-SparsePush,edge-aware-dynamic-vertex-parallel,boolean-array,false,5,14.11438798904419,0.042629
roadNet-CA,DensePull,serial,boolean-array,false,15,0.6147840023040771,0.275954
orkut-links,SparsePush-DensePull,static-vertex-parallel,bitvector,false,5,14.128854274749756,0.012623
roadNet-CA,DensePull-SparsePush,dynamic-vertex-parallel,boolean-array,false,20,0.338620662689209,0.000251
roadNet-CA,SparsePush-DensePull,dynamic-vertex-parallel,boolean-array,false,5,0.338336706161499,0.000281
soc-LiveJournal1,DensePull,edge-aware-dynamic-vertex-parallel,bitvector,false,10,9.66460633277893,0.776781
dblp_coauthor,DensePull-SparsePush,dynamic-vertex-parallel,boolean-array,false,15,3.808541774749756,0.011889
soc-LiveJournal1,DensePull-SparsePush,static-vertex-parallel,bitvector,false,5,8.808808088302612,0.031313
soc-LiveJournal1,DensePull,dynamic-vertex-parallel,boolean-array,false,20,9.112649202346802,0.104938
orkut-links,DensePull-SparsePush,serial,bitvector,false,15,14.240788698196411,0.054585
youtube-u-growth,DensePull-SparsePush,static-vertex-parallel,boolean-array,false,0,1.0922167301177979,0.010388
dblp_coauthor,DensePull-SparsePush,static-vertex-parallel,boolean-array,false,20,3.8033339977264404,0.011805
soc-LiveJournal1,DensePull,dynamic-vertex-parallel,boolean-array,false,0,8.526970386505127,0.186755
youtube-u-growth,DensePull-SparsePush,static-vertex-parallel,boolean-array,false,10,1.1712377071380615,0.011844
youtube-u-growth,DensePull-SparsePush,edge-aware-dynamic-vertex-parallel,boolean-array,false,5,1.2246713638305664,0.074165
orkut-links,SparsePush-DensePull,edge-aware-dynamic-vertex-parallel,boolean-array,false,0,13.552668809890747,0.051029
soc-LiveJournal1,DensePull-SparsePush,static-vertex-parallel,boolean-array,false,20,8.926992893218994,0.037689
dblp_coauthor,SparsePush-DensePull,serial,bitvector,false,5,3.8176558017730713,0.070752
dblp_coauthor,SparsePush-DensePull,static-vertex-parallel,bitvector,false,10,3.76865291595459,0.01201
soc-LiveJournal1,DensePull-SparsePush,serial,bitvector,false,20,9.18373966217041,0.248207
roadNet-CA,DensePull,serial,bitvector,false,10,0.6248576641082764,0.286185
roadNet-CA,DensePull-SparsePush,dynamic-vertex-parallel,bitvector,false,20,0.33785223960876465,0.000237
orkut-links,DensePull,edge-aware-dynamic-vertex-parallel,boolean-array,false,10,14.910403490066528,0.790651
roadNet-CA,SparsePush-DensePull,dynamic-vertex-parallel,boolean-array,false,15,0.3381953239440918,0.000267
orkut-links,DensePull-SparsePush,edge-aware-dynamic-vertex-parallel,boolean-array,false,15,14.336808919906616,0.050002
