dblp_coauthor,DensePull-SparsePush,serial,bitvector,false,10,18.214152574539185,0.182942
dblp_coauthor,SparsePush-DensePull,edge-aware-dynamic-vertex-parallel,boolean-array,false,15,18.15891146659851,0.044209
youtube-u-growth,DensePull-SparsePush,serial,bitvector,false,0,5.720660448074341,0.138208
dblp_coauthor,DensePull,serial,boolean-array,false,15,17.80449080467224,0.560019
youtube-u-growth,SparsePush-DensePull,static-vertex-parallel,boolean-array,false,10,5.823618412017822,0.042488
orkut-links,DensePull,dynamic-vertex-parallel,boolean-array,false,10,72.61764812469482,0.085744
soc-LiveJournal1,SparsePush-DensePull,serial,bitvector,false,20,45.61736440658569,0.511634
youtube-u-growth,DensePull,edge-aware-dynamic-vertex-parallel,boolean-array,false,0,5.6216840744018555,0.042185
dblp_coauthor,SparsePush-DensePull,static-vertex-parallel,boolean-array,false,10,18.192088842391968,0.054277
roadNet-CA,DensePull-SparsePush,dynamic-vertex-parallel,bitvector,false,10,1.7697088718414307,0.001549
dblp_coauthor,DensePull,static-vertex-parallel,boolean-array,false,10,18.154929399490356,0.065234
dblp_coauthor,SparsePush-DensePull,edge-aware-dynamic-vertex-parallel,bitvector,false,10,18.038939952850342,0.038171
orkut-links,DensePull,static-vertex-parallel,bitvector,false,5,71.6329095363617,0.076864
youtube-u-growth,DensePull,dynamic-vertex-parallel,boolean-array,false,0,5.694810390472412,0.035791
roadNet-CA,SparsePush-DensePull,static-vertex-parallel,bitvector,false,15,1.771911859512329,0.001413
soc-LiveJournal1,DensePull,dynamic-vertex-parallel,bitvector,false,0,44.03283452987671,0.068164
dblp_coauthor,DensePull,serial,bitvector,false,20,18.757200002670288,0.615451
dblp_coauthor,DensePull,serial,bitvector,false,5,18.599366664886475,0.484957
orkut-links,SparsePush-DensePull,serial,boolean-array,false,0,69.87241792678833,0.094031
dblp_coauthor,DensePush-SparsePush,dynamic-vertex-parallel,boolean-array,false,0,17.661621809005737,0.030474
orkut-links,DensePull-SparsePush,serial,bitvector,false,5,70.37468218803406,0.101927
roadNet-CA,DensePull-SparsePush,edge-aware-dynamic-vertex-parallel,bitvector,false,10,1.8000764846801758,0.00118
roadNet-CA,DensePull,serial,boolean-array,false,5,2.3214149475097656,0.549121
soc-LiveJournal1,DensePull-SparsePush,edge-aware-dynamic-vertex-parallel,bitvector,false,0,43.89771127700806,0.049157
dblp_coauthor,SparsePush-DensePull,serial,boolean-array,false,20,18.1810884475708,0.187947
orkut-links,DensePull-SparsePush,edge-aware-dynamic-vertex-parallel,boolean-array,false,0,70.20803666114807,0.029684
orkut-links,DensePull,static-vertex-parallel,bitvector,false,20,72.30662131309509,0.100626
soc-LiveJournal1,SparsePush-DensePull,serial,bitvector,false,0,43.662163734436035,0.291698
dblp_coauthor,SparsePush-DensePull,serial,bitvector,false,15,18.24346160888672,0.197268
soc-LiveJournal1,SparsePush,dynamic-vertex-parallel,boolean-array,false,0,43.92596912384033,0.061853
roadNet-CA,SparsePush-DensePull,static-vertex-parallel,boolean-array,false,5,1.7738373279571533,0.001586
dblp_coauthor,SparsePush-DensePull,serial,boolean-array,false,10,18.169017791748047,0.175719
dblp_coauthor,SparsePush-DensePull,serial,boolean-array,false,0,15.038613557815552,0.144615
soc-LiveJournal1,DensePull-SparsePush,edge-aware-dynamic-vertex-parallel,boolean-array,false,10,45.1380615234375,0.073514
orkut-links,SparsePush-DensePull,edge-aware-dynamic-vertex-parallel,boolean-array,false,5,70.85911417007446,0.039534
roadNet-CA,DensePull,dynamic-vertex-parallel,bitvector,false,20,1.880706787109375,0.121545
roadNet-CA,DensePull,static-vertex-parallel,boolean-array,false,10,1.8390007019042969,0.084307
youtube-u-growth,DensePull,serial,boolean-array,false,0,6.0114898681640625,0.313411
roadNet-CA,DensePull,dynamic-vertex-parallel,boolean-array,false,20,1.876945972442627,0.11543
orkut-links,SparsePush,static-vertex-parallel,boolean-array,false,0,70.62961602210999,0.097026
soc-LiveJournal1,DensePull,dynamic-vertex-parallel,bitvector,false,15,45.29957580566406,0.121669
soc-LiveJournal1,DensePull,static-vertex-parallel,boolean-array,false,15,45.440815448760986,0.110942
dblp_coauthor,DensePull-SparsePush,serial,bitvector,false,0,17.835092782974243,0.123614
roadNet-CA,SparsePush-DensePull,edge-aware-dynamic-vertex-parallel,bitvector,false,20,1.762354850769043,0.001143
dblp_coauthor,DensePull,serial,bitvector,false,0,17.859432458877563,0.318073
orkut-links,SparsePush-DensePull,edge-aware-dynamic-vertex-parallel,bitvector,false,0,70.8695240020752,0.032076
roadNet-CA,DensePull,edge-aware-dynamic-vertex-parallel,boolean-array,false,10,1.8634147644042969,0.098562
soc-LiveJournal1,DensePull,static-vertex-parallel,bitvector,false,20,41.543609619140625,0.14
youtube-u-growth,DensePull,static-vertex-parallel,boolean-array,false,0,5.605483293533325,0.036677
youtube-u-growth,DensePull,serial,boolean-array,false,20,6.221206188201904,0.417373
orkut-links,DensePull,serial,bitvector,false,15,73.73352122306824,1.62025
soc-LiveJournal1,SparsePush-DensePull,edge-aware-dynamic-vertex-parallel,bitvector,false,10,45.011868715286255,0.068577
orkut-links,DensePull,dynamic-vertex-parallel,boolean-array,false,20,72.29731369018555,0.133936
soc-LiveJournal1,DensePull,serial,boolean-array,false,5,46.18675184249878,1.25935
soc-LiveJournal1,SparsePush-DensePull,static-vertex-parallel,bitvector,false,15,45.25042700767517,0.058503
roadNet-CA,SparsePush-DensePull,dynamic-vertex-parallel,boolean-array,false,0,1.7179460525512695,0.003538
orkut-links,DensePull,dynamic-vertex-parallel,bitvector,false,20,71.1929349899292,0.119765
roadNet-CA,DensePull,serial,bitvector,false,0,2.2924766540527344,0.564844
roadNet-CA,DensePull-SparsePush,edge-aware-dynamic-vertex-parallel,bitvector,false,15,1.7642369270324707,0.003637
soc-LiveJournal1,SparsePush-DensePull,dynamic-vertex-parallel,bitvector,false,5,44.71853303909302,0.044373
roadNet-CA,DensePull-SparsePush,dynamic-vertex-parallel,boolean-array,false,10,1.7718279361724854,0.001052
orkut-links,DensePull,edge-aware-dynamic-vertex-parallel,bitvector,false,15,50.53621697425842,0.103321
dblp_coauthor,SparsePush-DensePull,dynamic-vertex-parallel,boolean-array,false,0,17.63847279548645,0.029691
roadNet-CA,SparsePush,serial,boolean-array,false,0,1.7096786499023438,0.001004
orkut-links,DensePull,static-vertex-parallel,bitvector,false,10,72.40263366699219,0.078642
dblp_coauthor,SparsePush-DensePull,static-vertex-parallel,bitvector,false,5,18.039552688598633,0.028346
orkut-links,SparsePush-DensePull,static-vertex-parallel,boolean-array,false,0,70.39012169837952,0.028828
orkut-links,DensePull,edge-aware-dynamic-vertex-parallel,boolean-array,false,0,69.29276752471924,0.069985
dblp_coauthor,DensePull,dynamic-vertex-parallel,bitvector,false,15,18.09270930290222,0.078186
roadNet-CA,DensePull-SparsePush,edge-aware-dynamic-vertex-parallel,bitvector,false,5,1.773378849029541,0.001706
orkut-links,SparsePush-DensePull,static-vertex-parallel,boolean-array,false,20,71.5370283126831,0.031667
youtube-u-growth,DensePull,static-vertex-parallel,boolean-array,false,10,5.842111349105835,0.069007
youtube-u-growth,DensePull,serial,bitvector,false,0,5.871742010116577,0.284781
dblp_coauthor,DensePull,edge-aware-dynamic-vertex-parallel,boolean-array,false,5,18.006725788116455,0.056317
youtube-u-growth,SparsePush-DensePull,serial,boolean-array,false,10,5.963309049606323,0.187503
roadNet-CA,DensePull-SparsePush,serial,bitvector,false,0,1.710059404373169,0.003336
soc-LiveJournal1,SparsePush-DensePull,edge-aware-dynamic-vertex-parallel,boolean-array,false,10,45.049744606018066,0.062568
youtube-u-growth,SparsePush-DensePull,dynamic-vertex-parallel,boolean-array,false,0,5.606008052825928,0.03317
youtube-u-growth,DensePull,static-vertex-parallel,boolean-array,false,15,5.8461833000183105,0.073564
roadNet-CA,DensePull,dynamic-vertex-parallel,boolean-array,false,0,1.7495486736297607,0.047432
soc-LiveJournal1,DensePull,edge-aware-dynamic-vertex-parallel,bitvector,false,5,45.122631311416626,0.098041
youtube-u-growth,DensePull-SparsePush,edge-aware-dynamic-vertex-parallel,boolean-array,false,10,5.829439640045166,0.070981
orkut-links,SparsePush-DensePull,static-vertex-parallel,boolean-array,false,5,71.39303302764893,0.027363
youtube-u-growth,DensePull-SparsePush,edge-aware-dynamic-vertex-parallel,bitvector,false,15,5.883891582489014,0.085615
orkut-links,SparsePush-DensePull,static-vertex-parallel,bitvector,false,0,66.71103477478027,0.027885
youtube-u-growth,DensePull-SparsePush,dynamic-vertex-parallel,boolean-array,false,10,5.828290224075317,0.035245
roadNet-CA,DensePush-SparsePush,static-vertex-parallel,boolean-array,false,0,1.7231743335723877,0.003879
roadNet-CA,DensePull,static-vertex-parallel,boolean-array,false,0,1.7493793964385986,0.051914
soc-LiveJournal1,DensePull,edge-aware-dynamic-vertex-parallel,bitvector,false,0,44.01984238624573,0.074068
dblp_coauthor,DensePull,static-vertex-parallel,bitvector,false,0,17.710090160369873,0.045167
soc-LiveJournal1,SparsePush-DensePull,edge-aware-dynamic-vertex-parallel,bitvector,false,15,45.25660991668701,0.07338
soc-LiveJournal1,SparsePush-DensePull,dynamic-vertex-parallel,bitvector,false,0,43.898600816726685,0.039358
youtube-u-growth,DensePull,edge-aware-dynamic-vertex-parallel,bitvector,false,5,5.9114720821380615,0.102769
orkut-links,DensePull-SparsePush,dynamic-vertex-parallel,bitvector,false,0,64.41888523101807,0.02229
orkut-links,SparsePush-DensePull,edge-aware-dynamic-vertex-parallel,bitvector,false,5,71.23301029205322,0.035193
roadNet-CA,SparsePush-DensePull,edge-aware-dynamic-vertex-parallel,boolean-array,false,15,1.7644705772399902,0.001408
soc-LiveJournal1,DensePull-SparsePush,dynamic-vertex-parallel,bitvector,false,10,43.9746732711792,0.051426
soc-LiveJournal1,DensePull-SparsePush,dynamic-vertex-parallel,boolean-array,false,10,45.009512186050415,0.047913
dblp_coauthor,DensePull,static-vertex-parallel,bitvector,false,5,17.99944519996643,0.055237
soc-LiveJournal1,DensePush-SparsePush,serial,boolean-array,false,0,44.38875722885132,0.520006
roadNet-CA,DensePull-SparsePush,dynamic-vertex-parallel,bitvector,false,5,1.7718839645385742,0.001681
orkut-links,DensePull-SparsePush,edge-aware-dynamic-vertex-parallel,boolean-array,false,5,71.15291476249695,0.051614
roadNet-CA,DensePull,serial,boolean-array,false,15,2.3357529640197754,0.573703
orkut-links,SparsePush-DensePull,static-vertex-parallel,bitvector,false,5,70.69451689720154,0.023455
roadNet-CA,DensePull-SparsePush,dynamic-vertex-parallel,boolean-array,false,20,1.7712204456329346,0.001136
roadNet-CA,SparsePush-DensePull,dynamic-vertex-parallel,boolean-array,false,5,1.781031608581543,0.001682
soc-LiveJournal1,DensePull,edge-aware-dynamic-vertex-parallel,bitvector,false,10,45.27307105064392,0.114098
dblp_coauthor,DensePull-SparsePush,dynamic-vertex-parallel,boolean-array,false,15,18.097905158996582,0.034836
soc-LiveJournal1,DensePull-SparsePush,static-vertex-parallel,bitvector,false,5,45.33711242675781,0.045233
soc-LiveJournal1,DensePull,dynamic-vertex-parallel,boolean-array,false,20,45.76508188247681,0.142537
orkut-links,DensePull-SparsePush,serial,bitvector,false,15,71.5873908996582,0.118398
youtube-u-growth,DensePull-SparsePush,static-vertex-parallel,boolean-array,false,0,5.367051362991333,0.045512
dblp_coauthor,DensePull-SparsePush,static-vertex-parallel,boolean-array,false,20,18.129684925079346,0.03397
soc-LiveJournal1,DensePull,dynamic-vertex-parallel,boolean-array,false,0,44.20011854171753,0.056359
youtube-u-growth,DensePull-SparsePush,static-vertex-parallel,boolean-array,false,10,5.724486827850342,0.046628
youtube-u-growth,DensePull-SparsePush,edge-aware-dynamic-vertex-parallel,boolean-array,false,5,5.939404726028442,0.072558
orkut-links,SparsePush-DensePull,edge-aware-dynamic-vertex-parallel,boolean-array,false,0,66.35045599937439,0.033254
soc-LiveJournal1,DensePull-SparsePush,static-vertex-parallel,boolean-array,false,20,45.30659294128418,0.061428
dblp_coauthor,SparsePush-DensePull,serial,bitvector,false,5,18.172686338424683,0.172392
dblp_coauthor,SparsePush-DensePull,static-vertex-parallel,bitvector,false,10,18.070008039474487,0.036327
soc-LiveJournal1,DensePull-SparsePush,serial,bitvector,false,20,45.80187654495239,0.508077
roadNet-CA,DensePull,serial,bitvector,false,10,2.3752481937408447,0.610831
roadNet-CA,DensePull-SparsePush,dynamic-vertex-parallel,bitvector,false,20,1.7744417190551758,0.001565
orkut-links,DensePull,edge-aware-dynamic-vertex-parallel,boolean-array,false,10,72.33482432365417,0.094724
roadNet-CA,SparsePush-DensePull,dynamic-vertex-parallel,boolean-array,false,15,1.7519569396972656,0.001492
orkut-links,DensePull-SparsePush,edge-aware-dynamic-vertex-parallel,boolean-array,false,15,71.64503622055054,0.043769
